formula,mpid,spacegroup.symbol,nature of band gap
BaSiO3,mp-1016821,Pm-3m,0
CaHfO3,mp-1016873,Pm-3m,0
CdSiO3,mp-1016879,Pm-3m,0
CaGeO3,mp-1016884,Pm-3m,0
CdGeO3,mp-1016903,Pm-3m,0
BaZrO3,mp-1019544,I4/mcm,0
CeAsO3,mp-1078398,P2_1/m,0
CaCO3,mp-1079918,P-1,0
CaBO3,mp-1084760,P2_1/m,0
BaSnO3,mp-1178513,Imma,1
AlRhO3,mp-1178547,P6_3/mmc,0
AlVO3,mp-1178549,R-3,0
AgClO3,mp-1178561,R3m,0
AgBrO3,mp-1178562,R3m,0
AgAsO3,mp-1178563,R-3,1
AlCoO3,mp-1178576,R-3,0
AlFeO3,mp-1178577,R-3,0
AlCuO3,mp-1178579,R-3,0
BaClO3,mp-1182337,P1,0
AcBO3,mp-1183052,Pm-3m,0
AcGaO3,mp-1183053,Pm-3m,0
AcAlO3,mp-1183115,Pm-3m,1
AlSbO3,mp-1183134,Pm-3m,1
AcScO3,mp-1183152,Pm-3m,1
BSbO3,mp-1183211,Pm-3m,1
BeSiO3,mp-1183445,Pm-3m,0
CeBeO3,mp-1183685,Pm-3m,0
CaCO3,mp-1194399,C2/c,0
BaMnO3,mp-1205336,P6_3mc,1
CaTiO3,mp-1205364,Cmcm,0
BaCO3,mp-1227982,R32,0
BaSiO3,mp-12958,R-3m,0
CdGeO3,mp-13003,Pnma,1
BaGeO3,mp-13863,P2_12_12_1,0
CaTeO3,mp-17008,P2_1,0
CaSiO3,mp-17552,C2/c,0
CaGeO3,mp-17761,P-1,0
BaSiO3,mp-18407,P6_3/mmc,1
CdSO3,mp-18634,R-3,0
AgPO3,mp-18702,P2_1/c,0
BaMnO3,mp-18840,R-3m,0
BaNiO3,mp-19138,P6_3/mmc,0
CaMnO3,mp-19201,Pnma,1
BaNiO3,mp-19241,P6_3mc,0
BaMnO3,mp-19267,P6_3cm,0
CaPbO3,mp-20079,Pnma,0
CeBO3,mp-20178,P2_1/m,0
BaPbO3,mp-20461,C2/m,0
CaCrO3,mp-20772,Pnma,0
CeBO3,mp-20882,Pnma,0
BaPbO3,mp-20991,I4/mcm,0
AlFeO3,mp-21216,Pna2_1,0
BaPbO3,mp-22230,Imma,0
CaVO3,mp-22608,Pnma,0
AlBiO3,mp-23080,Pm-3m,0
BaBiO3,mp-23482,R-3,0
AgIO3,mp-27384,Pca2_1,0
AgClO3,mp-27941,I4/m,0
CdTeO3,mp-28290,P2_1/c,0
CdGeO3,mp-2951,C2/c,0
BrNO3,mp-29526,P2_12_12_1,0
CaTeO3,mp-2981,P-1,0
BaTiO3,mp-2998,Pm-3m,0
BiBO3,mp-31250,P2_1/c,0
BaSnO3,mp-3163,Pm-3m,0
BaCeO3,mp-3187,Pnma,1
CaCO3,mp-3205,Pmmn,0
BaCeO3,mp-3316,Imma,0
CaSiO3,mp-3382,P4/mbm,0
CaSiO3,mp-3387,I4/mcm,1
BaCO3,mp-34195,P2_1/m,0
CaTiO3,mp-3442,I4/mcm,0
BaMnO3,mp-35078,P6_3/mmc,1
BaZrO3,mp-3834,Pm-3m,0
CaCO3,mp-3953,R-3c,0
CaTiO3,mp-4019,Pnma,1
CaSnO3,mp-4190,R-3,0
CaSiO3,mp-4356,Im-3,0
CdCO3,mp-4385,R-3c,0
CaSiO3,mp-4428,P-1,1
CaSiO3,mp-4429,P-1,0
CaSnO3,mp-4438,Pnma,0
BaCO3,mp-4559,R3m,0
CaZrO3,mp-4571,Pnma,1
CaCO3,mp-4626,Pnma,0
CaPtO3,mp-4784,Cmcm,0
CaSiO3,mp-4853,I4/mmm,0
BaCeO3,mp-4900,R-3c,1
BaTiO3,mp-5020,R3m,0
CaSiO3,mp-5096,Imma,1
CeAlO3,mp-5323,Pm-3m,0
AgSbO3,mp-540872,Fd-3m,0
CaZrO3,mp-542112,Pm-3m,0
BaTeO3,mp-5431,P2_1/m,0
BaCO3,mp-545643,P6_3/mmc,0
AgSbO3,mp-545999,R-3,1
CaCO3,mp-548403,C222_1,0
BaCO3,mp-5504,Pnma,0
AlBiO3,mp-551918,R3c,0
AgNO3,mp-552185,R3c,0
CaCO3,mp-553939,Pnma,1
CaGeO3,mp-554549,I4_1/a,0
CaTiO3,mp-556003,Imma,0
BaTeO3,mp-556021,Pnma,1
CaCO3,mp-556235,P2_1/c,0
BaMnO3,mp-557535,P6_3/mmc,0
CaSeO3,mp-557997,P2_1/c,0
BaTiO3,mp-558125,C222_1,1
AgTeO3,mp-558637,P2_1/c,0
AgAsO3,mp-558950,Pca2_1,1
BaBiO3,mp-559051,P2_1/c,0
CdSeO3,mp-559203,P2_1/c,1
AgTeO3,mp-559257,P2_1/c,0
CaTeO3,mp-560097,P2_1/c,1
CaCO3,mp-560265,P6_522,0
CdSiO3,mp-560560,P2_1/c,0
CaTeO3,mp-560656,P4_3,0
CaSiO3,mp-560885,Pnma,1
CaSiO3,mp-561086,C2/c,1
CaTeO3,mp-561374,P1,0
CaCO3,mp-561412,C2,0
AgTeO3,mp-561489,P2_1/m,0
BaCeO3,mp-5663,Pm-3m,0
BiRhO3,mp-573119,Pnma,0
BaTiO3,mp-5777,Amm2,0
CaTiO3,mp-5827,Pm-3m,0
CaSiO3,mp-5893,Pm-3m,0
BaTiO3,mp-5933,P6_3/mmc,1
BaTiO3,mp-5986,P4mm,0
CaMoO3,mp-607467,P2_1/c,1
AgNO3,mp-638686,Pbca,1
BaTiO3,mp-644497,Amm2,1
CaSiO3,mp-649676,P2_1/c,0
BaCO3,mp-674478,R-3c,0
BaMnO3,mp-675227,R-3m,0
BaCO3,mp-675324,Pnn2,1
BaCO3,mp-676020,C2/m,0
BaGeO3,mp-676865,P1,0
CdPbO3,mp-685257,Ibca,0
CdGeO3,mp-685935,Cmc2_1,0
CaCO3,mp-696740,C2/c,0
BaSeO3,mp-6989,P2_1/m,1
BaSiO3,mp-7339,P2_12_12_1,0
CdCoO3,mp-752746,Pnma,0
BSbO3,mp-753806,P-1,0
CaNiO3,mp-754103,P6_3mc,0
CaSeO3,mp-754140,Pnma,0
AlInO3,mp-754157,P6_3/mmc,0
CdSnO3,mp-754329,R-3,0
CaTiO3,mp-754701,R-3,1
CaHfO3,mp-754853,Pnma,1
AsAuO3,mp-755240,C2/c,0
BiSbO3,mp-755382,R-3,0
CdBiO3,mp-755478,R3,0
BSbO3,mp-755829,C2/c,0
CeFeO3,mp-756062,Pnma,0
CaCeO3,mp-756365,Pnma,1
AlGaO3,mp-756686,Pnma,1
AlCoO3,mp-756947,C2/c,0
CdGeO3,mp-7588,I4_1/a,0
BaCO3,mp-762225,P2_1,0
BaSO3,mp-768307,P2_1/m,0
AlTlO3,mp-768539,Pnma,1
CdCoO3,mp-768578,C2/c,0
AlGaO3,mp-772187,Pna2_1,0
AlGaO3,mp-772898,Pna2_1,1
AgClO3,mp-775761,P2_13,0
AgPO3,mp-775762,P2_1/c,0
AlBiO3,mp-775763,P2_1/c,0
AgAsO3,mp-775767,C2/c,0
CdSiO3,mp-776023,Pbcn,1
CaZrO3,mp-776024,Pba2,1
CaGeO3,mp-776074,C2/c,0
BaSiO3,mp-776076,P2_1/c,0
BaSiO3,mp-776084,C2/c,0
CaGeO3,mp-776086,P-1,1
AlFeO3,mp-776154,Pnma,0
AgAuO3,mp-776165,Fd-3m,0
AlCuO3,mp-776172,P2_1/c,0
AgClO3,mp-776199,P2_1/c,1
CeNiO3,mp-776207,Pnma,0
CaSnO3,mp-7986,Pm-3m,0
BaThO3,mp-8037,Pm-3m,1
AlBO3,mp-8110,R-3c,0
CaGeO3,mp-8130,Pnma,0
AgNO3,mp-8196,R3m,0
CdGeO3,mp-8275,R-3,0
AgIO3,mp-849271,Pnma,0
CdSnO3,mp-849371,Pnma,1
CdSO3,mp-8516,P2_1/c,0
AcFeO3,mp-861502,Pm-3m,0
AcCrO3,mp-866101,Pm-3m,0
AgSbO3,mp-867583,C2,0
CaBiO3,mp-867749,R-3,0
CdSeO3,mp-9186,Pnma,0
BaHfO3,mp-998552,Pm-3m,0
CaVO3,mvc-13158,P2_1/c,0
AlBiO3,mvc-13972,P6_3/mmc,0
CaMoO3,mvc-16572,P-1,0
AlWO3,mvc-4004,Pnma,1
HfMgO3,mp-1016825,Pm-3m,0
CsSO3,mp-1068320,R3m,0
FeBiO3,mp-1069079,P4mm,0
GaBO3,mp-1078259,R-3c,1
ErBO3,mp-10791,P-1,0
DyBO3,mp-10792,P-1,0
HgSeO3,mp-10798,P2_1/c,0
KIO3,mp-1080058,R3c,1
CsNbO3,mp-1096944,Pm-3m,1
InRhO3,mp-1105819,Pnma,1
KCO3,mp-1105868,P2_1/c,1
KCO3,mp-1106094,P2_1/c,0
GdCrO3,mp-1147577,Pm-3m,0
HoBiO3,mp-1178162,R3c,0
FeSnO3,mp-1178212,P-1,0
GdAlO3,mp-1178268,Pm-3m,0
CuAsO3,mp-1178368,Pmma,0
CoSbO3,mp-1183681,Pm-3m,0
DyInO3,mp-1183823,Pm-3m,0
ErAlO3,mp-1184150,Pm-3m,0
ErGaO3,mp-1184164,Pm-3m,0
GdErO3,mp-1184486,Pm-3m,0
HoBO3,mp-1184546,Pm-3m,0
HfBeO3,mp-1184563,Pm-3m,0
HoErO3,mp-1184778,Pm-3m,1
CsTaO3,mp-1185552,Pm-3m,1
CoBiO3,mp-1188346,Pnma,0
ErNiO3,mp-1189736,P2_1/c,0
KAsO3,mp-1192552,P-1,1
HoMnO3,mp-1193069,Cmc2_1,0
ErBO3,mp-1194043,C2/c,0
KIO3,mp-1200675,R3,1
KIO3,mp-1223446,R3,0
GdBO3,mp-1224628,Ama2,0
CrWO3,mp-1226283,R3,0
DyBO3,mp-12315,P-1,1
CuSiO3,mp-16053,Pmma,0
FeSiO3,mp-18269,C2/c,0
GdCrO3,mp-18331,Pnma,1
GdGaO3,mp-18656,Pnma,0
HoVO3,mp-19024,Pnma,0
HoMnO3,mp-19056,P6_3cm,1
ErCrO3,mp-19063,Pnma,0
FeBO3,mp-19097,R-3c,0
ErVO3,mp-19205,Pnma,0
ErMnO3,mp-19319,Pnma,1
DyCrO3,mp-19381,Pnma,0
HoFeO3,mp-19785,Pnma,0
ErFeO3,mp-19935,Pnma,1
HoCoO3,mp-20570,Pnma,0
HoMnO3,mp-22081,Pnma,1
DyMnO3,mp-22103,Pnma,0
DyCoO3,mp-22137,Pnma,0
DyFeO3,mp-22283,Pnma,1
FeGeO3,mp-22334,C2/c,0
CuSeO3,mp-22414,Pnma,1
HfPbO3,mp-22535,Pm-3m,0
CoSeO3,mp-22616,Pnma,0
CsNO3,mp-22628,Pmmn,1
CuSeO3,mp-22688,Pbca,0
HfPbO3,mp-22734,Pbam,1
DyVO3,mp-22789,Pnma,0
FeBiO3,mp-22949,R3m,0
KBrO3,mp-22958,R3m,1
GaBiO3,mp-22979,Pm-3m,0
KClO3,mp-23022,P2_1/m,0
CrBiO3,mp-23456,C2/c,1
KIO3,mp-23487,P1,1
FeBiO3,mp-23501,R3c,0
HIO3,mp-23963,P2_12_12_1,0
CsNbO3,mp-27556,P2_1/c,0
HgBrO3,mp-27994,C2/c,0
CsIO3,mp-28295,Pmn2_1,1
HgTeO3,mp-28318,P-1,0
CsBrO3,mp-28873,R3m,1
GdBO3,mp-29762,R32,0
KBiO3,mp-29799,Pn-3,1
HgAsO3,mp-30284,P-31m,1
HgClO3,mp-30937,P2_1/c,0
DyScO3,mp-31120,Pnma,1
HoScO3,mp-31121,Pnma,1
KCO3,mp-31302,P2_1/c,0
CuTeO3,mp-4320,Pnma,0
HoAlO3,mp-4891,Pnma,1
CsVO3,mp-504651,Pbcm,0
GdAlO3,mp-5223,Pnma,0
FeSO3,mp-540655,R-3,0
GdVO3,mp-541177,Pnma,1
HgNO3,mp-542289,P2_1,0
DyMnO3,mp-542479,P6_3cm,0
InBiO3,mp-545379,Pm-3m,0
CrBiO3,mp-546027,R3c,0
FeBiO3,mp-547069,Pm-3m,0
KClO3,mp-550506,R3m,1
FeBiO3,mp-551451,P1,0
KIO3,mp-552729,R3m,1
GePbO3,mp-553898,P2/c,0
CuSeO3,mp-554440,P2_1/c,0
EuCO3,mp-554518,Pnma,0
GePbO3,mp-554699,R-3,0
KClO3,mp-556084,Pnma,0
HIO3,mp-556216,Pbca,0
InBiO3,mp-556892,Pna2_1,0
HgSeO3,mp-557224,P2_1/c,1
GaBiO3,mp-558285,Pcca,0
KIO3,mp-558843,Pm-3m,0
CrBiO3,mp-559851,Pnma,0
InBiO3,mp-561102,Pnma,0
CsSO3,mp-561681,P6_3mc,1
GdBO3,mp-561949,P6_3/mmc,1
ErCoO3,mp-562779,Pnma,0
GdScO3,mp-5690,Pnma,1
FeBiO3,mp-645159,Pnma,0
GaFeO3,mp-649086,Pna2_1,0
FeBiO3,mp-655631,R3,0
CoSiO3,mp-699575,Pbca,0
InBO3,mp-7027,R-3c,0
DyTmO3,mp-752435,Pnma,1
CoSnO3,mp-752613,Pnma,1
HoBO3,mp-752713,Cmcm,0
HoBO3,mp-753056,Ama2,0
DyBO3,mp-753318,Ama2,0
HfCoO3,mp-753534,Pnma,0
EuHfO3,mp-753781,Pm-3m,1
HfFeO3,mp-753790,Pnma,1
HfFeO3,mp-753856,Pnma,1
ErAlO3,mp-754184,P6_3/mmc,0
CsClO3,mp-754202,Pmn2_1,0
ErInO3,mp-754208,Pnma,1
HoBiO3,mp-754300,R-3,0
HoBO3,mp-754409,R-3c,0
ErBiO3,mp-754636,R-3,0
HfMnO3,mp-754657,Pnma,0
INO3,mp-754661,P2_12_12_1,0
DyAlO3,mp-754936,R-3c,0
ErBiO3,mp-754943,R3c,0
EuSeO3,mp-755177,P2_1/m,0
HoGaO3,mp-755416,Pnma,1
GaBiO3,mp-755568,R3c,0
DyGaO3,mp-755612,Pnma,1
HfPbO3,mp-755790,Pnma,0
GdTmO3,mp-756030,Pnma,0
CrInO3,mp-756147,Pnma,0
HfCrO3,mp-756322,Pnma,1
GdLuO3,mp-756424,Pnma,0
ErAlO3,mp-756458,Pnma,1
DyLuO3,mp-756469,Pnma,1
DyAlO3,mp-756630,Pnma,1
HoCrO3,mp-756834,Pnma,1
CoBO3,mp-757083,P-1,0
CsClO3,mp-760386,R3m,1
ErBO3,mp-760405,Ama2,0
CuCO3,mp-760595,P2_1/c,0
CoBO3,mp-765572,C2/c,0
GdErO3,mp-766236,C2,0
CuPO3,mp-766856,P2_1/c,0
DyHoO3,mp-768145,P6_3cm,0
DyInO3,mp-768149,P6_3cm,0
HoInO3,mp-768267,P6_3cm,0
DyYO3,mp-768333,P6_3cm,0
DyGaO3,mp-769015,P6_3cm,0
HoGaO3,mp-769045,P6_3cm,0
DySeO3,mp-769393,P2_1/c,0
HoErO3,mp-770415,P6_3cm,0
HoLuO3,mp-770472,Pnma,1
HoBiO3,mp-770830,Pnma,1
EuZrO3,mp-771055,Pm-3m,1
DyErO3,mp-772188,P6_3cm,0
ErInO3,mp-772217,P6_3cm,0
CuPO3,mp-772255,R-3,0
HfSnO3,mp-776083,R-3,0
CsAsO3,mp-776093,Pbcm,0
HoInO3,mp-776984,Pnma,1
HoBO3,mp-780393,P-1,0
InGaO3,mp-8098,P6_3/mmc,0
FeBO3,mp-849295,C2/c,0
HoBO3,mp-850193,P-1,1
KBiO3,mp-863367,C2/m,1
CsUO3,mp-865424,Pm-3m,0
HgSeO3,mp-9228,Pnma,0
DyAlO3,mp-984723,Pm-3m,0
MgSnO3,mp-1016820,Pm-3m,0
MgGeO3,mp-1016827,Pm-3m,0
MgTiO3,mp-1016830,Pm-3m,0
MgSiO3,mp-1016928,Pm-3m,0
MgZrO3,mp-1017000,Pm-3m,0
MgSiO3,mp-1020115,Pc,1
MgSiO3,mp-1020117,Pc,1
MgSiO3,mp-1020118,Pca2_1,1
MgSiO3,mp-1020123,P2/c,1
MgSiO3,mp-1020124,P2_1/c,0
MgSiO3,mp-1020125,Pca2_1,1
KNO3,mp-1020193,P2_1/c,1
MgSiO3,mp-1020361,P2/c,1
LaYO3,mp-10429,Pnma,0
KVO3,mp-1076633,Pm-3m,0
MnCO3,mp-1078473,P-1,0
LaFeO3,mp-1078634,R-3c,0
LaGaO3,mp-1078871,R3c,0
LaAsO3,mp-1079050,P2_1/m,0
LaAlO3,mp-1080060,Imma,0
LaAlO3,mp-1080080,I4/mcm,0
LaIO3,mp-1080184,C2/m,1
LaScO3,mp-1096800,Pm-3m,1
LaGaO3,mp-1097026,Pm-3m,0
LuNiO3,mp-1105866,P2_1/c,0
MnGeO3,mp-1106201,C2/c,0
MnVO3,mp-1106224,Pnma,0
MnBiO3,mp-1106239,Cc,0
NaCO3,mp-1120755,R-3c,0
LaInO3,mp-11623,Pnma,1
MnGaO3,mp-1176435,P6_3/mmc,0
LuBiO3,mp-1176501,R3c,0
MnCO3,mp-1180142,C2/c,0
NClO3,mp-1180300,Cm,0
LaGaO3,mp-1180739,Pnma,0
LaCoO3,mp-1185232,Pnma,0
LuAlO3,mp-1185485,Pm-3m,0
LuGaO3,mp-1185488,Pm-3m,0
LuNpO3,mp-1185498,Pm-3m,0
NaCO3,mp-1188793,P2_1/c,0
MnInO3,mp-1193141,P6_3cm,0
MnInO3,mp-1193780,P-3c1,0
LuRhO3,mp-1205366,Pnma,1
KPaO3,mp-1206970,Pm-3m,0
MoHO3,mp-1221516,C2,0
LuBO3,mp-1222450,Ama2,0
KPO3,mp-1223439,C2/m,0
MgSeO3,mp-12271,Pnma,0
LaTmO3,mp-13374,Pnma,0
KPO3,mp-13981,Pnma,1
KSbO3,mp-14607,Pn-3,1
KSbO3,mp-16293,Fd-3m,0
NaAsO3,mp-17868,P-1,0
MnCO3,mp-18814,R-3c,1
KVO3,mp-18815,Pbcm,0
LaCrO3,mp-18841,Pm-3m,0
LaCrO3,mp-19281,Pnma,1
LiVO3,mp-19373,C2/c,0
LiVO3,mp-19440,C2/c,0
MnSnO3,mp-20569,R-3,0
MnGeO3,mp-20798,R-3,0
LaLuO3,mp-22220,Pnma,0
MnSeO3,mp-22224,Pnma,0
LuFeO3,mp-22588,Pnma,1
LaFeO3,mp-22590,Pnma,0
LiIO3,mp-22955,P6_3,0
LiIO3,mp-22994,Pna2_1,0
NaBiO3,mp-23054,R-3,0
NaClO3,mp-23330,P2_13,0
NaBrO3,mp-23339,P2_13,0
LiIO3,mp-23384,P4_2/n,0
MnBiO3,mp-23477,C2/c,0
MgVO3,mp-27186,Cmcm,0
MnSO3,mp-27818,P2_1/c,0
LaAuO3,mp-28853,Pbcm,0
LiBiO3,mp-29077,Pccn,0
LiPO3,mp-29195,P2_1/c,1
LaAlO3,mp-2920,R-3c,0
MgGeO3,mp-3047,Cmcm,0
LaScO3,mp-31116,Pnma,1
LaGaO3,mp-3336,R-3c,0
MgSiO3,mp-3470,P2_1/c,1
MgSiO3,mp-3547,Pnma,0
KTaO3,mp-3614,Pm-3m,0
LiTaO3,mp-3666,R3c,0
KNO3,mp-36903,P2_1/m,1
LiNbO3,mp-3731,R3c,0
MgGeO3,mp-3759,R-3,0
MgTiO3,mp-3771,R-3,0
KUO3,mp-4126,Pm-3m,0
MgSiO3,mp-4321,C2/c,0
KNbO3,mp-4342,P4mm,0
MgSiO3,mp-4391,Cmcm,1
MgGeO3,mp-4575,Pbca,1
MgGeO3,mp-4819,C2/c,0
LiSbO3,mp-4995,Pnna,1
MgSiO3,mp-5026,Pbcn,1
KPO3,mp-5039,P2_1/c,1
MnPbO3,mp-510672,C2/c,0
KNO3,mp-5158,Pnma,0
LaRhO3,mp-5163,Pnma,0
KNbO3,mp-5246,Amm2,0
LaAlO3,mp-5304,Pm-3m,0
MgSiO3,mp-530986,C2,1
MnSiO3,mp-532143,I4_1/a,1
MgCO3,mp-5348,R-3c,0
KSO3,mp-541581,P321,0
LiUO3,mp-545712,Pm-3m,0
MgCO3,mp-546079,C222_1,0
MnClO3,mp-546798,Cmc2_1,0
KSbO3,mp-547792,R-3,0
LaFeO3,mp-552676,Pm-3m,0
LiIO3,mp-555562,P4_2/n,0
NaClO3,mp-555726,P2_13,0
MgSiO3,mp-556940,Pbca,1
LaGaO3,mp-556983,Imma,0
LiPO3,mp-557189,P2/c,1
MgSiO3,mp-557803,Pna2_1,1
KPO3,mp-557985,P2_1/c,1
KSO3,mp-558546,P321,1
LiAsO3,mp-559767,C2/c,0
MnSiO3,mp-560199,P-1,1
MnSO3,mp-560522,R-3,0
LaCoO3,mp-573180,Pm-3m,0
LaGaO3,mp-5837,Pnma,0
MgSiO3,mp-5924,R-3,0
MnSiO3,mp-5945,P-1,0
MgSiO3,mp-603907,C2/c,0
LaFeO3,mp-605340,Pmn2_1,0
MgSiO3,mp-642210,Pna2_1,0
MgSiO3,mp-642216,P2_1/c,0
MgSiO3,mp-644879,Pbcn,1
MnSiO3,mp-647680,P-1,0
NaClO3,mp-655586,P1,1
MgSiO3,mp-657336,Pna2_1,0
MgSiO3,mp-657338,Pbca,1
KNO3,mp-672644,Pnma,1
LiNbO3,mp-674361,P1,0
MnFeO3,mp-674482,Ibca,1
LiNbO3,mp-675069,P1,1
KNO3,mp-675625,P1,0
KPO3,mp-675976,P-1,1
LiNbO3,mp-676694,P1,0
KNO3,mp-676851,R32,0
LiNbO3,mp-686057,P1,0
MnCO3,mp-690525,Cc,0
MnSnO3,mp-691106,R3c,1
KNO3,mp-6920,R3m,1
KSbO3,mp-695836,P-1,0
LaAlO3,mp-696871,P1,0
KNbO3,mp-7375,R3m,0
LaBO3,mp-7492,P2_1/m,0
MgFeO3,mp-752416,C2/c,0
LiFeO3,mp-752521,C2/c,0
LiSbO3,mp-752636,P2_13,0
LiFeO3,mp-752790,C2/m,0
LaErO3,mp-7538,Pnma,0
LiVO3,mp-754098,C2/m,0
MnZnO3,mp-754318,R-3,1
LiTaO3,mp-754345,P4/mbm,0
LuAlO3,mp-754435,R-3c,1
LuTlO3,mp-754597,Pnma,1
NClO3,mp-754712,P2_12_12_1,0
LaBiO3,mp-755003,R-3,0
LiTeO3,mp-755231,Pnn2,0
LuGaO3,mp-755342,P6_3/mmc,0
LuAlO3,mp-755358,P6_3/mmc,0
LuCrO3,mp-755471,Pnma,0
LiNbO3,mp-755559,C2/m,0
LuAlO3,mp-755574,Pnma,1
LuVO3,mp-755583,Pnma,0
MgCoO3,mp-755711,C2/c,0
LuGaO3,mp-755792,Pnma,1
LuBO3,mp-7560,R-3c,0
LaHoO3,mp-756166,Pnma,0
LaDyO3,mp-756272,Pna2_1,0
LuAlO3,mp-756850,Cmcm,1
LiSbO3,mp-756951,C2/m,0
LuBO3,mp-760461,Cmcm,0
LiNbO3,mp-760701,C2/c,0
LiFeO3,mp-760833,Cm,0
LiVO3,mp-763200,C2,0
LaBiO3,mp-768310,R3c,0
LaAlO3,mp-768417,P-1,0
LuGaO3,mp-768505,P6_3cm,0
LaAlO3,mp-768518,Cmcm,0
MgSO3,mp-769322,P2_1/c,1
MgSO3,mp-769347,P2_1/c,0
MgSnO3,mp-769348,Pnma,0
MgSO3,mp-769397,R-3,0
LaHoO3,mp-770413,P2_1/c,1
MgMnO3,mp-770581,Pnma,0
MgMnO3,mp-770618,R-3,0
LiSbO3,mp-770932,C2/m,0
LaAlO3,mp-771698,P2_1/c,0
LaAlO3,mp-771703,P-1,1
LuScO3,mp-772180,P6_3cm,1
MgSiO3,mp-772412,I4_1/a,0
MnZnO3,mp-772528,Pnma,0
LuBiO3,mp-772801,R-3,1
LiNbO3,mp-776108,Pbcm,0
LuScO3,mp-776593,Pnma,1
LaSmO3,mp-778450,Pna2_1,0
LaAlO3,mp-780421,P-1,0
LiNO3,mp-8180,R-3c,0
LaBO3,mp-8216,Pnma,0
KNbO3,mp-935811,Pm-3m,0
KNO3,mp-9475,Pnma,0
LiAsO3,mp-9657,R-3,0
RbNbO3,mp-1075911,Pm-3m,0
RbTaO3,mp-1076534,Pm-3m,0
RbVO3,mp-1076638,Pm-3m,0
NaNbO3,mp-1078295,R-3,0
RbSeO3,mp-1078830,P-1,0
SnPO3,mp-1095139,Cc,0
SmFeO3,mp-1099588,Pm-3m,0
NaVO3,mp-1099591,Pm-3m,0
ScBiO3,mp-1101383,R-3,1
SnGeO3,mp-1101394,R-3,0
PbCO3,mp-1105697,P2_1/c,0
NaNbO3,mp-1105765,Pnma,0
SmCrO3,mp-1105788,Pnma,0
ScMnO3,mp-1105811,P2_1/c,0
PrCrO3,mp-1105822,Pnma,1
RbUO3,mp-11775,Pm-3m,0
PNO3,mp-1179819,P2_12_12_1,0
NaSeO3,mp-1180453,C2/c,0
NdInO3,mp-1186316,Pm-3m,0
PmErO3,mp-1186557,Pm-3m,1
PmInO3,mp-1186597,Pm-3m,0
ScCoO3,mp-1186980,Pm-3m,0
SmAlO3,mp-1187025,Pnma,0
SmVO3,mp-1188225,Pnma,1
ScRhO3,mp-1188449,Pnma,0
NaNbO3,mp-1190015,Pmn2_1,1
NaNbO3,mp-1199037,P222_1,1
NbAgO3,mp-1205362,Cmcm,0
RbPaO3,mp-1206844,Pm-3m,0
PrVO3,mp-1209329,Pnma,1
SrCO3,mp-1218370,R32,0
NbAgO3,mp-1220387,P4/mbm,1
NaNO3,mp-1220986,R32,0
NbAgO3,mp-12725,Pm-3m,0
SrHfO3,mp-13108,P4mm,0
SrHfO3,mp-13109,Imma,0
NdBO3,mp-13514,P-1,0
RbNO3,mp-13658,Pmmn,0
NdAlO3,mp-14254,Pm-3m,0
NbCuO3,mp-17272,C2/m,0
SrGeO3,mp-17464,C2/c,0
ScCrO3,mp-18961,Pnma,0
SrMnO3,mp-19001,P6_3/mmc,0
RbVO3,mp-19031,Pbcm,0
NaVO3,mp-19083,C2/c,0
NiCO3,mp-19147,R-3c,0
NdCrO3,mp-19269,Pnma,1
PbCO3,mp-19893,Pnma,1
NaSbO3,mp-20011,Fd-3m,0
SmCoO3,mp-20016,Pnma,0
PrCoO3,mp-20090,Pnma,0
SmFeO3,mp-20243,Pnma,1
NdFeO3,mp-20407,Pnma,0
SrPbO3,mp-20489,Pnma,0
PbSO3,mp-20507,Pnma,0
PbSeO3,mp-20716,P2_1/m,0
NdMnO3,mp-20852,Pnma,1
PbSO3,mp-21190,P2_1/m,1
PrLuO3,mp-21872,Pnma,1
SmMnO3,mp-22203,Pnma,0
NaSbO3,mp-22212,Pnma,1
PrFeO3,mp-22341,Pnma,0
SrCeO3,mp-22428,Pnma,1
PrMnO3,mp-22564,Pnma,0
NdCoO3,mp-22599,Pnma,0
NaIO3,mp-22989,Pnma,0
RbClO3,mp-23011,R3m,1
RbIO3,mp-27193,R3m,1
SbAsO3,mp-28109,P2_1/c,0
RbBrO3,mp-28872,R3m,1
SrBiO3,mp-29164,P2_1/c,0
RbTaO3,mp-3033,C2/m,0
NdScO3,mp-31117,Pnma,1
SmScO3,mp-31118,Pnma,1
NaNbO3,mp-3136,Pm-3m,0
NdGaO3,mp-3196,Pnma,0
RbNbO3,mp-3283,P-1,0
SmRhO3,mp-3317,Pnma,1
SrCO3,mp-33746,C2/m,0
SrHfO3,mp-3378,Pnma,0
NbHO3,mp-33932,P1,0
RbSO3,mp-3404,P321,0
PrAlO3,mp-3466,R-3c,0
NaNbO3,mp-3671,Pbcm,1
SrHfO3,mp-3721,I4/mcm,0
SrCO3,mp-38035,R-3c,0
SrCO3,mp-3822,Pnma,0
RbNO3,mp-38220,R-3c,1
NaTaO3,mp-3858,Pnma,1
RbPO3,mp-4135,P2_1/c,1
NaTaO3,mp-4170,Pm-3m,0
NaNbO3,mp-4419,P4/mbm,0
ScAlO3,mp-4471,Pnma,0
NaSbO3,mp-4482,R-3,0
NaNbO3,mp-4514,R3c,1
NaNO3,mp-4531,R-3c,0
PrGaO3,mp-4535,Pnma,0
SrHfO3,mp-4551,Pm-3m,0
NdRhO3,mp-4582,Pnma,0
SrHfO3,mp-4673,Cmcm,0
NaTaO3,mp-4675,P4/mbm,0
NaNbO3,mp-4681,Pmc2_1,1
NaTaO3,mp-4699,Cmcm,0
NaPO3,mp-4734,P2_1/c,0
NaNbO3,mp-4748,Cmcm,0
PrRhO3,mp-4789,Pnma,0
RbNO3,mp-5073,P3_1,0
NdVO3,mp-541129,Pnma,1
PdSeO3,mp-545482,P2_1/m,0
PdSeO3,mp-546684,C2/m,1
RbPO3,mp-548658,Cmcm,1
ScBiO3,mp-550008,Pm-3m,0
SrHfO3,mp-550908,P4/mbm,0
NbAgO3,mp-5537,Pbcm,0
SrGeO3,mp-554869,P-1,0
NaPO3,mp-555118,Pnma,0
ScBiO3,mp-555313,Cc,0
NaVO3,mp-555665,Pnma,0
SrGeO3,mp-555731,P-62m,1
ScBiO3,mp-555769,C2/c,0
NbAgO3,mp-557680,Cmmm,0
NaPO3,mp-558192,P2_1/c,0
NaIO3,mp-559252,Pna2_1,0
NaNbO3,mp-559354,Cmcm,1
PrScO3,mp-559756,Pnma,1
ReO3F,mp-573051,P2/c,0
NaUO3,mp-5788,Pnma,1
NdAlO3,mp-5899,R-3c,0
RbNO3,mp-614951,P3_2,0
RbPO3,mp-616587,P2_1/c,1
SbHO3,mp-626182,I4_1/amd,0
NbHO3,mp-626528,P1,0
PbSeO3,mp-630329,P2_1/c,0
NaPO3,mp-648053,I4_1/a,0
NaPO3,mp-648072,I4_1/a,1
NaNO3,mp-674297,P1,0
NdBO3,mp-7238,Pnma,1
SmAlO3,mp-7405,Pnma,0
ScTlO3,mp-752429,Pnma,1
SmInO3,mp-752437,Pnma,1
RbNO3,mp-752446,R32,0
NaSbO3,mp-752755,Pnna,1
ScBiO3,mp-754009,R3c,0
ScGaO3,mp-754165,P6_3/mmc,0
SmErO3,mp-754203,Pnma,1
ScGaO3,mp-754239,Pnma,0
NiSnO3,mp-754654,R-3,0
SmTlO3,mp-754787,Pnma,1
NaTaO3,mp-754818,Fd-3m,0
RbTaO3,mp-755018,R3m,0
NdInO3,mp-755138,Pnma,1
SmYO3,mp-755685,Pna2_1,0
SmHoO3,mp-755717,Pnma,1
RbNbO3,mp-756063,C2/m,0
ScBiO3,mp-756205,Pnma,0
NdZrO3,mp-756246,I-4m2,0
SmDyO3,mp-756452,Pnma,1
ScVO3,mp-756546,Pnma,0
NbTlO3,mp-757636,P1,0
SmBO3,mp-760477,Ama2,0
NaSbO3,mp-760994,P-1,1
SrCrO3,mp-761337,Ama2,0
NaVO3,mp-763901,Ibam,0
ScInO3,mp-768358,P6_3/mmc,1
ScGaO3,mp-769079,P6_3cm,0
SnGeO3,mp-769144,P2/c,1
SiGeO3,mp-769171,Pbca,1
ScFeO3,mp-769734,Pnma,1
SrCrO3,mp-769855,Ama2,0
SmCuO3,mp-770767,Pnma,0
ScFeO3,mp-771123,P6_3cm,0
SnBO3,mp-772724,Cc,0
SiSnO3,mp-776110,P2/c,0
ScAgO3,mp-776150,Cmmm,0
SmTmO3,mp-776439,Pnma,1
TiSnO3,mp-1018639,Pm-3m,0
SrZrO3,mp-1020622,P4/mbm,0
ZnSiO3,mp-1020623,R-3,0
ZnGeO3,mp-1020631,R3c,1
ZrPbO3,mp-1068577,Pm-3m,0
SrZrO3,mp-1068742,P4mm,0
TiZnO3,mp-1078470,R3c,0
SrZrO3,mp-1080575,Imma,0
TmAlO3,mp-1101265,P6_3/mmc,0
TmGaO3,mp-1101269,P6_3/mmc,0
TbGaO3,mp-1101339,R-3c,1
TlNiO3,mp-1178989,P2_1/c,0
TaAgO3,mp-1187189,Pm-3m,0
TaInO3,mp-1187260,Pm-3m,0
TbErO3,mp-1187342,Pm-3m,1
ThBeO3,mp-1187421,Pm-3m,0
YbSnO3,mp-1187515,Pm-3m,0
YbSiO3,mp-1187516,Pm-3m,0
TmScO3,mp-1187557,Pm-3m,1
TmCrO3,mp-1187577,Pm-3m,0
UPdO3,mp-1187714,Pm-3m,0
ZrBeO3,mp-1188011,Pm-3m,0
VCoO3,mp-1206118,P-1,0
VCrO3,mp-1216392,R3c,0
SrSnO3,mp-12866,Imma,0
SrSnO3,mp-12867,I4/mcm,0
ZnSnO3,mp-13334,R3c,1
TiCdO3,mp-13641,R-3,0
TiZnO3,mp-14142,R-3,0
TiCdO3,mp-14550,Pnma,0
ZnSnO3,mp-14628,R-3,0
ZnTeO3,mp-16819,Pbca,0
TmBO3,mp-17620,P6_3/mcm,0
YGaO3,mp-17853,P6_3cm,1
SrSiO3,mp-18313,P-1,1
YCrO3,mp-18725,Pnma,0
TiNiO3,mp-18732,R-3,0
YCrO3,mp-18770,Pm-3m,0
YVO3,mp-18883,Pnma,0
VBO3,mp-18946,R-3c,0
TiMnO3,mp-19082,R-3,0
YMnO3,mp-19227,P6_3/mmc,1
TiFeO3,mp-19270,R3c,0
TiMnO3,mp-19376,R3c,0
YMnO3,mp-19385,P6_3cm,1
TiFeO3,mp-19417,R-3,0
YbFeO3,mp-19793,Pnma,0
TbCoO3,mp-19802,Pnma,0
TiPbO3,mp-19845,Pm-3m,0
TbFeO3,mp-19853,Pnma,0
VPbO3,mp-20032,P4mm,0
TiFeO3,mp-20073,Pnma,1
TiPbO3,mp-20459,P4mm,0
TmFeO3,mp-20651,Pnma,0
YMnO3,mp-20699,Pnma,0
YFeO3,mp-20783,Pnma,1
TiCdO3,mp-20940,Pmc2_1,1
TbMnO3,mp-22055,Pnma,1
TlVO3,mp-22330,Pbcm,0
YbMnO3,mp-22518,Pnma,0
TlIO3,mp-22981,R3m,0
TlPO3,mp-27144,P-42_1c,0
SrSnO3,mp-2879,Pnma,0
VHgO3,mp-29188,P-1,0
YBO3,mp-29205,Cmcm,0
TlClO3,mp-29738,R3m,0
TlBrO3,mp-29798,R3m,0
TlSbO3,mp-30058,R-3,1
TbScO3,mp-31119,Pnma,1
SrZrO3,mp-3323,Pm-3m,0
TaHO3,mp-33753,I4_1/amd,0
SrSeO3,mp-3395,P2_1/m,0
SrZrO3,mp-3626,Cmcm,0
YAlO3,mp-3792,Pnma,0
SrSiO3,mp-3978,C2/c,0
SrZrO3,mp-4387,Pnma,0
TbAlO3,mp-4434,Pnma,0
SrTiO3,mp-4651,I4/mcm,0
ZnSeO3,mp-4682,Pnma,0
VCuO3,mp-504580,R-3,0
YInO3,mp-504607,P6_3cm,0
TiCdO3,mp-5052,Pna2_1,1
TlFeO3,mp-505819,Pnma,1
SrZrO3,mp-5076,I4/mcm,0
SrTiO3,mp-5229,Pm-3m,0
ZnSeO3,mp-5338,Pbca,0
TePbO3,mp-543039,C2/c,1
TlIO3,mp-546200,Pm-3m,0
SrSnO3,mp-546973,Pm-3m,0
SrTiO3,mp-551830,I4/mcm,1
TmMnO3,mp-554270,Pnma,1
TbVO3,mp-554811,Pnma,1
TePbO3,mp-555021,P4_1,0
SrSeO3,mp-555098,Pnma,0
TcO3F,mp-555390,P2_1/c,0
TiMnO3,mp-556925,Pnma,0
TlPO3,mp-556932,Pbcn,0
SrZrO3,mp-557203,P2_13,1
TlNO3,mp-557704,P3_1,0
TlSbO3,mp-557787,P-31c,1
VAgO3,mp-559736,Cm,0
SrTeO3,mp-561385,C2,0
TlSbO3,mp-561465,P6_322,0
SrSiO3,mp-561547,P2_1/c,0
TmCoO3,mp-561954,Pnma,0
ZnSiO3,mp-562182,C2/c,0
VCuO3,mp-562987,P1,0
TbRhO3,mp-5692,Pnma,1
TlNO3,mp-5915,Pnma,0
ZnSiO3,mp-619034,Pbca,0
VAgO3,mp-624691,C2/c,1
VHO3,mp-625246,P2_1,0
VHO3,mp-625258,P2_1,0
VHO3,mp-625407,P1,0
TeHO3,mp-625630,Pna2_1,0
TeHO3,mp-625654,Pna2_1,0
TeHO3,mp-625657,Pc,0
TeHO3,mp-625856,Pc,0
TeHO3,mp-625913,Pc,0
VHO3,mp-627684,P1,0
TiZnO3,mp-635713,P-1,0
ZnSiO3,mp-641917,P2_1/c,0
SrTeO3,mp-662523,P1,0
TaTlO3,mp-676262,C2/c,0
TiNiO3,mp-690546,P1,0
TiNiO3,mp-698587,P1,0
TbLuO3,mp-754145,Pnma,1
YBiO3,mp-754152,R-3,0
YbTiO3,mp-754225,Pnma,1
YLuO3,mp-754226,P6_3/mmc,1
TiSnO3,mp-754246,R-3,0
TmBiO3,mp-754323,R3c,0
ZrMnO3,mp-754513,R3c,1
TmGaO3,mp-754578,Pnma,1
ZrMnO3,mp-754980,R-3,0
ZrCrO3,mp-755055,Pnma,1
YErO3,mp-755109,Pnma,1
YScO3,mp-755165,Pnma,1
VGeO3,mp-755199,C2/c,0
YbCO3,mp-755213,Pnma,0
TmBiO3,mp-755216,R-3,1
TmVO3,mp-755258,Pnma,0
VGaO3,mp-755580,Pnma,0
TiCrO3,mp-755606,Pnma,0
TbHoO3,mp-755740,Pnma,1
TlCoO3,mp-755788,R-3,0
TbErO3,mp-756048,Pnma,1
TaCuO3,mp-756050,C2/m,0
TbSmO3,mp-756118,Pnma,1
TbCrO3,mp-756124,Pnma,0
YAlO3,mp-756214,R-3c,0
TbGdO3,mp-756224,Pnma,0
TmAlO3,mp-756281,Pnma,1
VBiO3,mp-756282,Pnma,1
TbGaO3,mp-756290,Pnma,1
ZrCoO3,mp-756665,Pnma,0
YAlO3,mp-756705,Cmcm,1
TbTmO3,mp-756762,Pnma,1
TlGaO3,mp-756909,Pnma,0
TaTlO3,mp-756933,Fd-3m,0
YbCO3,mp-758329,Pnma,0
YBO3,mp-760457,Ama2,0
TmBO3,mp-760484,Ama2,0
TiHgO3,mp-7607,R-3c,1
YTmO3,mp-766256,C2,0
YBiO3,mp-768221,R3c,0
YTmO3,mp-768353,P6_3cm,0
TmGaO3,mp-768469,P6_3cm,0
YScO3,mp-768479,P6_3/mmc,1
YHoO3,mp-768889,P6_3cm,0
YScO3,mp-769007,P6_3cm,1
TbInO3,mp-769263,Pnma,1
YSeO3,mp-769404,P2_1/c,0
VCrO3,mp-770843,P1,0
SrTiO3,mp-776018,P6_3/mmc,1
TmCrO3,mp-777295,Pnma,0
TiGeO3,mp-780260,R-3,0
YbHfO3,mp-780387,Pnma,1
YAlO3,mp-7964,P6_3/mmc,0
ZnGeO3,mp-8285,R-3,0
TiNiO3,mp-850194,R3c,0
TaTlO3,mp-861873,Pm-3m,1
YbTiO3,mp-865218,Pm-3m,0
UTlO3,mp-865322,Pm-3m,1
YbGeO3,mp-865758,Pm-3m,0
SrTeO3,mp-972117,P2_1/c,0
ZnCO3,mp-9812,R-3c,0
TaAgO3,mp-9890,R-3c,0
YFeO3,mvc-11229,Pm-3m,0
YCoO3,mvc-11732,Pm-3m,0
YSbO3,mvc-14740,P6_3/mmc,0
YBiO3,mvc-15941,P6_3/mmc,0
ZrPbO3,mp-20337,Amm2,0
ZrPbO3,mp-542903,Pbam,1
ZrPbO3,mp-755798,Pnma,0
AlSBr3,mp-1079481,P-3m1,0
CBr3F,mp-28765,Pnma,0
CaInBr3,mp-28534,Cmcm,0
CdInBr3,mp-505222,Pnma,0
CsAuBr3,mp-569548,I4/mmm,0
CsCaBr3,mp-30056,Pm-3m,0
CsCdBr3,mp-541899,P6_3/mmc,1
CsCdBr3,mp-570231,Pm-3m,0
CsCuBr3,mp-27336,C222_1,0
CsEuBr3,mp-638685,Pnma,1
CsFeBr3,mp-1079847,P6_3/mmc,0
CsGeBr3,mp-1068340,R3m,1
CsGeBr3,mp-570223,Pm-3m,1
CsGeBr3,mp-642739,Cm,1
CsMgBr3,mp-29750,P6_3/mmc,1
CsPbBr3,mp-600089,Pm-3m,1
CsPbBr3,mp-567629,Pnma,1
CsPbBr3,mp-1014168,I4/mcm,1
CsPbBr3,mp-567681,Pnma,0
CsSeBr3,mp-998413,P2_1/m,0
CsSnBr3,mp-27214,Pm-3m,1
CsSrBr3,mp-998433,Cmcm,1
CsSrBr3,mp-998297,Cm,0
CsVBr3,mp-23038,P6_3/mmc,0
CsYbBr3,mp-568005,Pm-3m,0
InSnBr3,mp-998398,P1,1
InSnBr3,mp-685272,P1,0
KCaBr3,mp-998599,Cmcm,1
KCaBr3,mp-998749,Cm,0
KFeBr3,mp-23348,Pnma,0
KGeBr3,mp-998612,P2_1/m,0
KGeBr3,mp-998412,Cm,1
KInBr3,mp-28529,P-3,0
KMnBr3,mp-29636,Pnma,0
LiGaBr3,mp-28327,P2_1/m,0
MgInBr3,mp-29483,Pnma,0
MnInBr3,mp-28912,Pnma,0
NbBr3O,mp-606393,P-42_1m,0
NbSeBr3,mp-23498,P2/c,0
NbTeBr3,mp-28038,P2/c,0
PBr3O,mp-1189731,Pna2_1,0
PBr3O,mp-558645,Pnma,0
PaBr3O,mp-540540,C2/m,0
RbAuBr3,mp-27300,C2/m,0
RbCaBr3,mp-998536,Pnma,1
RbCaBr3,mp-1209227,Pm-3m,0
RbCaBr3,mp-998198,Cm,0
RbCdBr3,mp-27400,Pnma,0
RbGeBr3,mp-28558,Pna2_1,1
RbMnBr3,mp-568231,P6_3cm,1
RbNiBr3,mp-27409,P6_3/mmc,0
RbPbBr3,mp-998603,Cmcm,0
RbPbBr3,mp-998176,Cm,1
RbSeBr3,mp-998299,P2_1/m,0
RbSnBr3,mp-998778,Pnma,0
RbSnBr3,mp-998157,P1,1
RbVBr3,mp-570099,P6_3/mmc,0
RbVBr3,mp-29314,P6_3cm,0
RbYbBr3,mp-571418,Pnma,0
TlCdBr3,mp-28219,Pnma,0
TlGeBr3,mp-998746,Pnma,0
TlGeBr3,mp-998153,Cm,1
AsCl3O,mp-29863,P2_1/c,0
CaNCl3,mp-1106358,Pnma,1
CaTlCl3,mp-998151,Cm,0
CaTlCl3,mp-998787,Cmcm,0
CdNCl3,mp-1080587,P2_1/m,0
CdNCl3,mp-1080000,Cmcm,0
CsAuCl3,mp-23484,I4/mmm,0
CsCaCl3,mp-1097916,Pm-3m,0
CsCdCl3,mp-568544,Pm-3m,0
CsCrCl3,mp-29616,C2/m,0
CsEuCl3,mp-1068377,Pm-3m,1
CsGeCl3,mp-22988,R3m,0
CsHgCl3,mp-675010,P-42_1m,0
CsHgCl3,mp-29845,P3_2,0
CsMgCl3,mp-23004,P6_3/mmc,1
CsMnCl3,mp-23336,R-3m,0
CsNiCl3,mp-22950,P6_3/mmc,0
CsPbCl3,mp-675022,R32,0
CsPbCl3,mp-23037,Pm-3m,1
CsPbCl3,mp-675524,Amm2,1
CsPdCl3,mp-29882,Ibam,0
CsSnCl3,mp-27394,P2_1/c,1
CsSnCl3,mp-1070375,Pm-3m,1
CsSrCl3,mp-1213642,Pm-3m,0
CsSrCl3,mp-1080233,Cm,0
CsVCl3,mp-22977,P6_3/mmc,0
CsYbCl3,mp-1070599,Pm-3m,0
CuNCl3,mp-1105578,P2_1/c,0
InGeCl3,mp-998233,Cm,1
InPbCl3,mp-998512,Cmcm,0
InPbCl3,mp-998535,Cm,0
InSnCl3,mp-998560,Cm,1
KCaCl3,mp-998601,Cm,0
KCaCl3,mp-1211589,Pm-3m,0
KCdCl3,mp-23442,Pnma,0
KCuCl3,mp-27450,P2_1/c,0
KCuCl3,mp-636978,P2_1/c,0
KFeCl3,mp-23538,Pnma,0
KGeCl3,mp-998231,Cm,0
KMgCl3,mp-27865,Pnma,1
KNiCl3,mp-27366,P6_3cm,0
KTcCl3,mp-28408,Cc,0
LiGaCl3,mp-29344,Pnma,0
MnTlCl3,mp-30528,Pnma,1
MnTlCl3,mp-570300,Pnma,0
MnTlCl3,mp-570290,Pm-3m,0
MoCl3O,mp-23528,P2_1/c,0
MoNCl3,mp-23396,P-1,0
NaHgCl3,mp-608490,Pnma,1
NaMnCl3,mp-27176,R-3,1
NbCl3O,mp-556422,P-42_1m,0
NbCl3O,mp-27815,P4_2/mnm,0
NbSeCl3,mp-570270,P2/c,0
PCl3O,mp-753611,Pna2_1,1
PCl3O,mp-27277,Pna2_1,1
RbCaCl3,mp-998197,Cm,0
RbCdCl3,mp-23390,Pnma,0
RbCrCl3,mp-568864,C2,0
RbCrCl3,mp-30027,C2/c,0
RbCrCl3,mp-568887,C2/m,0
RbCuCl3,mp-23055,Pbcn,1
RbEuCl3,mp-1206801,Pm-3m,1
RbGeCl3,mp-27369,P2_1/m,0
RbMgCl3,mp-662499,P6_3/mmc,1
RbMgCl3,mp-27208,P6_3/mmc,1
RbMnCl3,mp-569309,P6_3/mmc,0
RbNiCl3,mp-23486,P6_3/mmc,0
RbPbCl3,mp-1209191,Pm-3m,1
RbPbCl3,mp-998604,Cmcm,0
RbPbCl3,mp-998605,Cm,1
RbSnCl3,mp-998156,Cm,1
RbSrCl3,mp-1209047,Pm-3m,0
RbSrCl3,mp-998155,Cm,0
RbVCl3,mp-23319,P6_3/mmc,0
SnCCl3,mp-1179357,Cm,0
TlCdCl3,mp-28218,Pnma,0
TlGeCl3,mp-998743,P2_1/m,0
TlGeCl3,mp-998744,Cm,1
TlHgCl3,mp-1105094,Pnma,0
TlInCl3,mp-998713,P1,0
TlPbCl3,mp-676598,Fmm2,1
VCl3O,mp-22938,Pnma,0
AsCF3,mp-27274,P4_2/nmc,1
BaLiF3,mp-10250,Pm-3m,1
CaTlF3,mp-998150,Amm2,1
CaTlF3,mp-1097061,Cm,1
CrOF3,mp-31703,P4_1,0
CsBeF3,mp-12262,Pnma,0
CsBeF3,mp-1017555,Pm-3m,0
CsCaF3,mp-7104,Pm-3m,0
CsCdF3,mp-8399,Pm-3m,0
CsCoF3,mp-556943,R-3m,0
CsFeF3,mp-555302,P6_3/mmc,1
CsHgF3,mp-561947,Pm-3m,0
CsMgF3,mp-8401,Pm-3m,1
CsMnF3,mp-558702,P6_3/mmc,0
CsNaF3,mp-998609,Pnma,0
CsNiF3,mp-505492,R-3m,1
CsNiF3,mp-611601,P6_3/mmc,0
CsNiF3,mp-557772,P6_3/mmc,1
CsPbF3,mp-5811,Pm-3m,1
CsPbF3,mp-20282,R3c,0
CsSnF3,mp-998298,P1,1
CsSnF3,mp-1105915,P2_1/c,0
CsSrF3,mp-8397,Pm-3m,0
CsYbF3,mp-8398,Pm-3m,1
InPF3,mp-675295,R3,0
KCaF3,mp-5926,Pnma,0
KCaF3,mp-643749,P2_1/m,1
KCaF3,mp-4950,Pm-3m,0
KCdF3,mp-10175,Pm-3m,0
KCdF3,mp-9628,Pnma,1
KCrF3,mp-1180767,I4/mcm,0
KCrF3,mp-1180782,Ibam,0
KCrF3,mp-560547,I4/m,1
KCrF3,mp-566131,P4/mmm,0
KCrF3,mp-556365,C2/m,0
KHgF3,mp-7483,Pm-3m,0
KMgF3,mp-3448,Pm-3m,0
KMnF3,mp-555359,I4/mcm,1
KMnF3,mp-1180746,I4/mcm,1
KMnF3,mp-555123,Pm-3m,0
KMnF3,mp-644332,P2_1/m,0
KMnF3,mp-1205353,Imma,0
KMnF3,mp-558046,Pnma,0
KMnF3,mp-560382,P4/mbm,1
KSnF3,mp-28774,P-1,0
KVF3,mp-557257,Pm-3m,0
KZnF3,mp-5878,Pm-3m,0
LiAgF3,mp-760151,P6_122,0
LiAgF3,mp-752605,C2/c,0
LiCuF3,mp-753405,P2_1/c,0
LiCuF3,mp-761897,P6_122,0
LiCuF3,mp-752701,P-1,0
LiFeF3,mp-775760,P-1,0
LiFeF3,mp-777470,R-3c,0
LiFeF3,mp-777899,Pnma,0
LiFeF3,mp-754816,Pnma,1
LiFeF3,mp-760354,P1,0
LiFeF3,mp-754051,R-3,1
LiFeF3,mp-776026,P4_2/n,0
LiFeF3,mp-754707,C2/c,0
LiFeF3,mp-755103,C2/m,1
LiFeF3,mp-777522,Cmc2_1,0
LiFeF3,mp-754994,C2/c,0
LiFeF3,mp-777622,P1,0
LiFeF3,mp-776080,Pccn,0
LiFeF3,mp-777888,R3,0
LiFeF3,mp-755179,P2_1/m,0
LiFeF3,mp-776017,Pbcn,1
LiFeF3,mp-755136,Cmcm,0
LiFeF3,mp-777672,Amm2,1
LiFeF3,mp-777489,R-3,0
LiFeF3,mp-756109,Pnma,1
LiFeF3,mp-776604,P-1,0
LiFeF3,mp-776027,P4_2/n,0
LiFeF3,mp-755575,Pnma,0
LiMnF3,mp-777355,Pccn,0
LiMnF3,mp-867743,P6_3/mmc,0
LiMnF3,mp-763149,P2_13,0
LiMnF3,mp-756130,P-31c,0
LiMnF3,mp-763191,Ibam,0
LiMnF3,mp-759093,Pnna,0
LiMnF3,mp-752938,R-3c,0
LiMnF3,mp-765090,P-1,0
LiMnF3,mp-765457,Pnma,1
LiMnF3,mp-760095,P-3,1
LiMnF3,mp-776951,Pnma,0
LiMnF3,mp-778633,P-1,0
LiMnF3,mp-763003,R-3,1
LiMnF3,mp-763362,Pna2_1,1
LiMnF3,mp-776156,P2_13,0
LiMnF3,mp-753025,P6_322,0
LiMnF3,mp-758779,P3,1
LiMnF3,mp-754770,P2_1/c,0
LiMnF3,mp-779317,P2_1/c,0
LiMnF3,mp-759032,P2_1/c,0
LiMnF3,mp-764783,Pnma,1
LiMnF3,mp-762988,Cc,1
LiMnF3,mp-758456,Cmcm,0
LiMnF3,mp-778819,Amm2,0
LiMnF3,mp-778800,P-1,0
LiMnF3,mp-777655,C2/m,0
LiMnF3,mp-777298,Pbcn,0
LiMnF3,mp-757275,P2_1/c,1
LiMnF3,mp-754676,P6_322,0
LiMnF3,mp-774399,P-1,0
LiMnF3,mp-779073,R-3c,1
LiMnF3,mp-752829,R-3,0
LiMnF3,mp-777972,Pna2_1,1
LiNiF3,mp-758501,R-3,0
LiVF3,mp-752911,Pnma,1
LiVF3,mp-777893,Pccn,1
LiVF3,mp-756643,C2/c,0
LiVF3,mp-777894,Pnna,1
LiVF3,mp-778509,P2_13,0
LiVF3,mp-777551,P2_13,0
LiVF3,mp-753024,P6_3/mmc,0
LiVF3,mp-752619,P2_1/m,0
LiVF3,mp-777676,C2/c,0
LiVF3,mp-752764,R3c,1
LiVF3,mp-752607,R-3,0
MgAgF3,mp-998358,Pm-3m,0
MgTlF3,mp-998739,Pm-3m,0
MnInF3,mp-998241,P1,0
MnTlF3,mp-998762,Pm-3m,0
NaCdF3,mp-4360,R3c,1
NaCoF3,mp-1078336,Cmcm,0
NaCoF3,mp-21404,Pnma,0
NaCuF3,mp-17869,P-1,0
NaFeF3,mp-505066,Pnma,0
NaFeF3,mp-1078217,Cmcm,0
NaMgF3,mp-12948,Cmcm,1
NaMgF3,mp-2955,Pnma,1
NaMgF3,mp-560399,Pm-3m,0
NaMnF3,mp-560242,Pnma,1
NaNiF3,mp-1078237,Cmcm,0
NaNiF3,mp-561480,Pnma,1
NaPF3,mp-35683,P1,0
NaVF3,mp-20572,Pm-3m,0
NaZnF3,mp-3795,Pnma,1
NbOF3,mp-753800,P-1,0
NbOF3,mp-1101450,Immm,0
NbOF3,mp-762371,P4_1,0
NbOF3,mp-1094112,R3c,0
NbOF3,mp-760762,P2_12_12_1,0
NbOF3,mp-753785,P4_2/mnm,0
NiAgF3,mp-998365,Pm-3m,0
NiAgF3,mp-998429,Cmcm,0
PCF3,mp-556383,P2_1/c,1
PCF3,mp-540785,P4_2/nmc,1
RbBiF3,mp-677028,P1,0
RbCaF3,mp-3654,Pm-3m,0
RbCdF3,mp-6951,Pm-3m,0
RbCrF3,mp-1206325,P4/mmm,0
RbHgF3,mp-7482,Pm-3m,0
RbInF3,mp-1114686,Fm-3m,0
RbMgF3,mp-8402,Pm-3m,0
RbMgF3,mp-559523,P6_3/mmc,0
RbMgF3,mp-541813,P6_3/mmc,1
RbMnF3,mp-558749,Pm-3m,0
RbNiF3,mp-556488,P6_3/mmc,1
RbPbF3,mp-674508,Cc,0
RbPbF3,mp-605350,P-1,0
RbPbF3,mp-21043,Pm-3m,1
RbSnF3,mp-998193,P1,0
RbVF3,mp-556424,Pm-3m,0
RbYbF3,mp-6952,Pm-3m,0
RbZnF3,mp-4975,P6_3/mmc,1
SbOF3,mp-758096,P-42_1m,0
SbOF3,mp-757111,P-1,0
SbOF3,mp-1101381,Immm,0
TaOF3,mp-1101316,Immm,0
TaOF3,mp-677065,P1,0
TeCF3,mp-29429,P2_1/c,0
TlCdF3,mp-998759,Pbam,1
TlGeF3,mp-998711,P2_1/m,0
TlGeF3,mp-998712,P1,1
TlHgF3,mp-998758,Pbam,1
TlHgF3,mp-998710,P1,0
TlNiF3,mp-998761,Pm-3m,0
TlSnF3,mp-676130,Cc,0
TlZnF3,mp-998745,Pm-3m,0
VOF3,mp-776441,P-1,0
VOF3,mp-759983,P2_1/c,0
VOF3,mp-556026,P2_1/c,0
VOF3,mp-764274,P-42_1m,0
VOF3,mp-756077,P1,0
VOF3,mp-761122,Pc,1
VOF3,mp-753525,P4_1,0
VOF3,mp-760338,Pnc2,0
VOF3,mp-752787,P2_1/c,0
VOF3,mp-850876,P1,0
VOF3,mp-752824,Pca2_1,0
VOF3,mp-776474,P1,0
VOF3,mp-781081,P2_1,0
VOF3,mp-759725,Pna2_1,0
VOF3,mp-776473,P1,0
VOF3,mp-775981,P-1,0
VOF3,mp-760313,C2,0
VOF3,mp-753030,P2_12_12_1,0
VOF3,mp-754919,Pc,0
VOF3,mp-761177,P4_1,0
VOF3,mp-760178,P2_1/c,0
VOF3,mp-760367,C2,0
WOF3,mp-753398,P2_12_12_1,1
ZnAgF3,mp-14099,Pm-3m,0
ZnAgF3,mp-998537,R-3,1
ZrCuF3,mp-677041,P1,0
CsAuI3,mp-28453,I4/mmm,1
CsCaI3,mp-998428,Pnma,1
CsCaI3,mp-998333,Cm,0
CsGeI3,mp-642690,Cm,1
CsGeI3,mp-28377,R3m,1
CsInI3,mp-998430,P-1,0
CsPbI3,mp-1069538,Pm-3m,1
CsPbI3,mp-540839,Pnma,0
CsSiI3,mp-1147745,R3m,1
CsSnI3,mp-568570,Pnma,1
CsSnI3,mp-614013,Pm-3m,1
CsSnI3,mp-616378,P4/mbm,1
CsSrI3,mp-998417,Cm,0
CsVI3,mp-22991,P6_3/mmc,0
CsYbI3,mp-1185576,Pnma,0
CuGeI3,mp-1096949,Cm,0
KAuI3,mp-31045,P2_1/c,0
KHgI3,mp-1190406,Pna2_1,1
LiGaI3,mp-29345,P2_1/m,0
MnTlI3,mp-23443,Pnma,0
NbI3O,mp-546285,C2,0
NbSeI3,mp-541817,C2/c,0
NbTeI3,mp-540924,P2/c,0
RbAuI3,mp-568666,C2/m,0
RbCaI3,mp-998592,Pnma,1
RbCaI3,mp-998325,Cm,0
RbCrI3,mp-27442,C2,0
RbGeI3,mp-567855,P2_12_12_1,0
RbGeI3,mp-571458,Pm-3m,1
RbPbI3,mp-23517,Pnma,0
RbSnI3,mp-29405,Pnma,0
RbVI3,mp-672346,P6_3cm,0
RbYbI3,mp-568796,Pnma,1
TlCdI3,mp-27252,Pnma,0
TlGeI3,mp-29288,Pnma,0
TlPbI3,mp-27552,Cmcm,1
AgPS3,mp-5470,C2/m,0
AlInS3,mp-504482,P6_1,0
BaHfS3,mp-1105549,Pnma,1
BaHfS3,mp-998419,Pnma,1
BaPS3,mp-11006,P2_1/c,1
BaTeS3,mp-27499,Pnma,0
BaTiS3,mp-7073,P6_3/mmc,0
BaZrS3,mp-540771,Pnma,1
CS3N,mp-29700,C2/c,0
CaHfS3,mp-1190098,Pnma,1
CaPS3,mp-9789,P2_1/c,1
CaSnS3,mp-866606,P2_1/c,0
CaSnS3,mp-866936,Pnma,1
CaSnS3,mp-866826,R-3,0
CaSnS3,mp-866495,P2_1/c,0
CaSnS3,mp-866811,Pnma,0
CaSnS3,mp-866844,Pnma,1
CaSnS3,mp-866850,Cmcm,0
CaSnS3,mp-867022,P1,0
CaSnS3,mp-866565,P2_13,0
CaZrS3,mp-7781,Pnma,1
CdPS3,mp-5328,C2/m,0
CdPS3,mp-9330,R-3,0
CeBS3,mp-1189296,Pna2_1,0
CsGaS3,mp-562726,P2_1/c,0
CsPS3,mp-504838,Immm,0
CsSnS3,mp-561710,P-1,0
CuPS3,mp-1105187,P4_2/mnm,0
DyScS3,mp-1184176,Pnma,0
ErScS3,mp-1190244,Pna2_1,0
EuPS3,mp-20217,P2_1/c,0
FePS3,mp-5864,C2/m,0
GdScS3,mp-510490,Pnma,1
GePbS3,mp-624190,P2_1/c,0
GePdS3,mp-541785,C2/m,0
HS3N,mp-27669,P2/c,0
HS3N,mp-706654,Pbca,1
HS3N,mp-696216,Pnma,1
HfPbS3,mp-22147,Pnma,0
HfSnS3,mp-8725,Pnma,0
HgPS3,mp-27178,P-1,0
HoScS3,mp-1189393,Pna2_1,0
InGaS3,mp-19885,Cmc2_1,0
InSbS3,mp-21365,Pnma,0
KPS3,mp-8267,Immm,0
LaErS3,mp-558977,Pnma,1
LaGaS3,mp-4816,P2_1/c,1
LaLuS3,mp-1106374,Pnma,1
LaScS3,mp-1190131,Pnma,1
LaTmS3,mp-556841,Pnma,1
MgPS3,mp-675651,C2/m,0
MnPS3,mp-8613,C2/m,0
NaPS3,mp-1189520,P2_1/m,0
NdBS3,mp-1188683,Pna2_1,0
NdScS3,mp-1105614,Pnma,1
PPbS3,mp-20199,P2_1/c,0
PrBS3,mp-862754,Pna2_1,1
PrScS3,mp-1189962,Pnma,1
RbBS3,mp-9047,P2_1/c,0
RbPS3,mp-556953,Immm,0
SmBS3,mp-972448,Pna2_1,1
SmScS3,mp-1188840,Pnma,1
SnGeS3,mp-5045,P2_1/c,0
SnPS3,mp-4252,P2_1/c,0
SnPS3,mp-1080140,C2/m,0
SnPS3,mp-13923,Pc,0
SnPS3,mp-1079752,R-3,0
SnPbS3,mp-1188095,Pnma,0
SrHfS3,mp-1208643,Pnma,1
SrPS3,mp-9788,P2_1/c,1
SrSnS3,mp-1205419,Pnma,0
SrZrS3,mp-558760,Pnma,1
SrZrS3,mp-5193,Pnma,1
TaAgS3,mp-5821,Cmcm,0
TaAgS3,mp-561242,Cmc2_1,0
TaCuS3,mp-3102,Pnma,0
TaTlS3,mp-10795,Pnma,0
TbBS3,mp-867286,Pna2_1,0
TbScS3,mp-1188262,Pnma,0
ThCrS3,mp-1189441,Pnma,0
TiGeS3,mp-1105715,Pnma,0
TlBS3,mp-28809,P2_1/c,0
TlPS3,mp-8249,Immm,0
VPS3,mp-1078971,C2/m,0
YScS3,mp-7792,Pnma,0
YbCeS3,mp-1079021,Cmcm,0
YbCeS3,mp-684004,Pnma,0
ZnPS3,mp-3342,C2/m,0
ZnSnS3,mp-1093994,R3c,0
ZrPbS3,mp-20244,Pnma,1
ZrSnS3,mp-17324,Pnma,0
AgSe3I,mp-569052,Pmna,0
AlInSe3,mp-862787,P6_1,0
BaBiSe3,mp-27365,P2_12_12_1,0
BaPSe3,mp-11008,P2_1/c,0
BaZrSe3,mp-998350,P1,0
BaZrSe3,mp-998427,Pnma,1
CaPSe3,mp-11007,P2_1/c,0
CdPSe3,mp-1079559,R-3,0
CsAuSe3,mp-567913,C2/c,0
CsBSe3,mp-573358,P2_1/c,0
CsGaSe3,mp-510283,P2_1/c,0
CsSnSe3,mp-613162,P-1,0
CsTeSe3,mp-9462,P2_1/c,0
CuSe3Br,mp-28741,Pmna,0
CuSe3I,mp-29450,R-3m,0
EuPSe3,mp-20742,P2_1/c,0
HgPSe3,mp-7293,C2/c,0
InBiSe3,mp-1223842,R3m,0
KPSe3,mp-571452,P3_121,0
MgPSe3,mp-30943,R-3,0
NdLuSe3,mp-13327,Cmcm,0
PPbSe3,mp-20316,P2_1/c,0
PrLuSe3,mp-13326,Cmcm,0
RbBSe3,mp-10552,P2_1/c,0
RbPSe3,mp-571464,P3_121,0
SnPSe3,mp-673705,P2_1/c,0
SnPSe3,mp-570370,Pc,0
SnPSe3,mp-5706,P2_1/c,0
SrBiSe3,mp-28476,P2_12_12_1,1
SrPSe3,mp-7198,P2_1/c,1
SrZrSe3,mp-541570,Pnma,1
TaTlSe3,mp-12027,Pnma,0
ThCrSe3,mp-1188731,Pnma,0
TlBSe3,mp-29959,Cc,0
BaN3Cl,mp-569812,P2_1/m,0
BaReN3,mp-989637,C2/c,0
BaWN3,mp-989636,C2/m,0
BaWN3,mp-989622,P2_1/c,0
CaMoN3,mp-989635,C2/m,0
CaReN3,mp-989606,C2/c,0
CaTcN3,mp-989634,C2/c,0
CaTcN3,mp-989638,C2/m,0
CaWN3,mp-989616,C2/m,0
LaCoN3,mp-989643,C2/m,0
LaCrN3,mp-989612,C2/c,0
LaMoN3,mp-989631,C2/c,0
LaMoN3,mp-989552,R3c,0
LaMoN3,mp-989534,P2_1/m,1
LaMoN3,mp-989603,Ama2,0
LaOsN3,mp-989632,P2_1/c,1
LaReN3,mp-989614,P2_1/c,0
LaTaN3,mp-989620,P2_1/c,0
LaVN3,mp-989403,P1,0
LaWN3,mp-989601,R3m,0
LaWN3,mp-989633,C2/c,0
LaWN3,mp-989524,R3c,0
LaWN3,mp-989646,P2_1/m,1
SiPN3,mp-1219220,P2_1,0
SiPN3,mp-36053,Cc,0
SrReN3,mp-989623,C2/c,0
SrTcN3,mp-989530,C2/m,0
SrTcN3,mp-989627,C2/c,0
SrWN3,mp-989513,C2/m,0
SrWN3,mp-989625,P1,0
ThTaN3,mp-10732,Pm-3m,1
TiPN3,mp-989613,Amm2,0
TiPN3,mp-989624,C2/c,0
YMoN3,mp-989604,C2/c,0
YWN3,mp-989645,P2_1/m,1
YWN3,mp-989576,R3c,0
YWN3,mp-989407,Pmc2_1,0
YWN3,mp-989609,Cmcm,0
YWN3,mp-989617,Ama2,0
YWN3,mp-989615,C2/c,0
AgTe3I,mp-570431,Pmna,0
AlSiTe3,mp-31220,P-31m,0
BaSbTe3,mp-18291,P2_12_12_1,0
BiSbTe3,mp-1227340,R3m,1
CsAlTe3,mp-1189272,P2_1/c,0
CsSiTe3,mp-570957,Cc,1
DySbTe3,mp-1225550,R3m,0
HoBiTe3,mp-1223843,R3m,0
InSiTe3,mp-567931,P-31m,0
KTaTe3,mp-568318,P2_1/c,0
LuBiTe3,mp-1222293,R3m,0
SmBiTe3,mp-1219075,R3m,1
TbBiTe3,mp-1217576,R3m,1
TmBiTe3,mp-1216578,R3m,0
YBiTe3,mp-1215930,R3m,1
AlSiP3,mp-5168,Pnma,0
